accuracy,recall,precision,f1,roc_auc_ovr,mcc,fit_time,Dataset,model,sampling
0.3047619047619048,0.3047619047619048,0.28799943226172736,0.2841340032553775,0.5050771692457324,-0.11998389716868568,0.06476688385009766,Validation,LogisticRegression,Original
0.4380952380952381,0.4380952380952381,0.4121212121212121,0.4152327145547484,0.5281678613888857,0.004462195779101775,0.0407567024230957,Validation,LogisticRegression,Original
0.41904761904761906,0.41904761904761906,0.4145402619978891,0.41602341686299715,0.575561262817626,0.002962407286657609,0.04527854919433594,Validation,LogisticRegression,Original
0.3904761904761905,0.3904761904761905,0.3845031952174809,0.37376260849167253,0.5647981342933517,-0.05352741226974071,0.051006317138671875,Validation,LogisticRegression,Original
0.4095238095238095,0.4095238095238095,0.4230483405483405,0.415351096709932,0.57293351552643,0.00046210168290316156,0.040494441986083984,Validation,LogisticRegression,Original
0.41904761904761906,0.41904761904761906,0.3779094335616075,0.3947529600274621,0.5552936557367852,-0.07311479564236681,0.04837751388549805,Validation,LogisticRegression,Original
0.4380952380952381,0.4380952380952381,0.42621168897666595,0.4312772935178151,0.54098284790018,0.02710573492224891,0.06503582000732422,Validation,LogisticRegression,Original
0.5142857142857142,0.5142857142857142,0.48617927170868347,0.4968188693012564,0.6271370979456014,0.11561703748767417,0.06106114387512207,Validation,LogisticRegression,Original
0.4380952380952381,0.4380952380952381,0.40093028664457236,0.4161952989539197,0.5824786819699467,-0.0551531989563716,0.05747699737548828,Validation,LogisticRegression,Original
0.3523809523809524,0.3523809523809524,0.36180398085159987,0.3470713228958365,0.5555559125636828,-0.06491614601580371,0.04506874084472656,Validation,LogisticRegression,Original
0.7185185185185186,0.7185185185185186,0.7153883555087697,0.7106520058846871,0.8930769632867092,0.5124762350668989,0.06476688385009766,Train,LogisticRegression,Original
0.6973544973544974,0.6973544973544974,0.6938520420717376,0.6905715518832445,0.8865622517423372,0.4814920150745526,0.0407567024230957,Train,LogisticRegression,Original
0.7037037037037037,0.7037037037037037,0.7003534054098974,0.6967841244218969,0.8866829324278985,0.4935526614211263,0.04527854919433594,Train,LogisticRegression,Original
0.7047619047619048,0.7047619047619048,0.7013591429686775,0.695707163416914,0.886475721948118,0.49278403096219303,0.051006317138671875,Train,LogisticRegression,Original
0.7121693121693121,0.7121693121693121,0.7119911456646151,0.7031367168273797,0.8893264298536329,0.5104668667228632,0.040494441986083984,Train,LogisticRegression,Original
0.7068783068783069,0.7068783068783069,0.7041367239488389,0.6986086086110394,0.8899360696372903,0.5024393661348892,0.04837751388549805,Train,LogisticRegression,Original
0.7005291005291006,0.7005291005291006,0.699627239309779,0.6919926521498571,0.8874594765916656,0.48801023629833595,0.06503582000732422,Train,LogisticRegression,Original
0.6952380952380952,0.6952380952380952,0.6940232195437789,0.6865745953253011,0.8812372104864122,0.4806557087944808,0.06106114387512207,Train,LogisticRegression,Original
0.7037037037037037,0.7037037037037037,0.7043858841861061,0.6952976829112711,0.885662232424807,0.4944549362889334,0.05747699737548828,Train,LogisticRegression,Original
0.708994708994709,0.708994708994709,0.7075329819151656,0.6992395440306403,0.8905664129068849,0.49488701979708577,0.04506874084472656,Train,LogisticRegression,Original
0.4166666666666667,0.4166666666666667,0.4422536375661375,0.4251639377647442,0.602977558085085,0.13245927269757757,0.020587921142578125,Validation,LogisticRegression,Undersampling
0.4166666666666667,0.4166666666666667,0.406015037593985,0.40606060606060607,0.6017190904139433,0.1311477947500768,0.025487661361694336,Validation,LogisticRegression,Undersampling
0.4166666666666667,0.4166666666666667,0.45526960784313725,0.4261273448773449,0.6452216838501561,0.1372825145362774,0.03171801567077637,Validation,LogisticRegression,Undersampling
0.3125,0.3125,0.3501225490196078,0.32866443338045775,0.5700326272312575,-0.026939076481275383,0.021980762481689453,Validation,LogisticRegression,Undersampling
0.2916666666666667,0.2916666666666667,0.28720238095238093,0.28363997113997114,0.5136187876312782,-0.059327942557973405,0.03138875961303711,Validation,LogisticRegression,Undersampling
0.3829787234042553,0.3829787234042553,0.3782227784730914,0.3789393383579004,0.5959923537509745,0.07566477989147545,0.027955055236816406,Validation,LogisticRegression,Undersampling
0.425531914893617,0.425531914893617,0.40780141843971623,0.41271249503305274,0.5867269984917044,0.13080490030634884,0.027280569076538086,Validation,LogisticRegression,Undersampling
0.2765957446808511,0.2765957446808511,0.27355623100303955,0.2740861974904528,0.491846046568033,-0.09779651434214379,0.02263641357421875,Validation,LogisticRegression,Undersampling
0.425531914893617,0.425531914893617,0.46605097030628945,0.430506853018864,0.6614304998979922,0.1616936189746373,0.020647525787353516,Validation,LogisticRegression,Undersampling
0.23404255319148937,0.23404255319148937,0.24246453900709217,0.23531551191125658,0.5513870388870389,-0.16101330287367815,0.02647686004638672,Validation,LogisticRegression,Undersampling
0.8290398126463701,0.8290398126463701,0.8314130368857351,0.8274334371577063,0.956431469367784,0.746023284722191,0.020587921142578125,Train,LogisticRegression,Undersampling
0.8126463700234192,0.8126463700234192,0.813175157989173,0.8101716666284596,0.9528563406435696,0.721076046652673,0.025487661361694336,Train,LogisticRegression,Undersampling
0.819672131147541,0.819672131147541,0.8223471137694902,0.8176878642193071,0.9563888044660489,0.7323222529678971,0.03171801567077637,Train,LogisticRegression,Undersampling
0.8032786885245902,0.8032786885245902,0.8056014818355866,0.8002760630627113,0.9539602216995912,0.708550505532605,0.021980762481689453,Train,LogisticRegression,Undersampling
0.810304449648712,0.810304449648712,0.8122827093780256,0.8081074602585112,0.9549940408643586,0.7180159240411209,0.03138875961303711,Train,LogisticRegression,Undersampling
0.8177570093457944,0.8177570093457944,0.8185930214706169,0.8153356158065952,0.953718729946595,0.7289100388545107,0.027955055236816406,Train,LogisticRegression,Undersampling
0.8107476635514018,0.8107476635514018,0.8122313450535511,0.8084575634826736,0.9534420387073897,0.7188578719706035,0.027280569076538086,Train,LogisticRegression,Undersampling
0.8200934579439252,0.8200934579439252,0.8224199517485302,0.8176661996640923,0.9546793672344925,0.7328345501159469,0.02263641357421875,Train,LogisticRegression,Undersampling
0.8130841121495327,0.8130841121495327,0.8192370120852817,0.8099270772783441,0.952157738095238,0.724550183729646,0.020647525787353516,Train,LogisticRegression,Undersampling
0.8130841121495327,0.8130841121495327,0.8155770379519692,0.8100446754953537,0.9547902577502049,0.7235380435105816,0.02647686004638672,Train,LogisticRegression,Undersampling
0.588957055214724,0.588957055214724,0.5669771861888847,0.5705264652696682,0.7272918973733823,0.38544501257414227,0.06605243682861328,Validation,LogisticRegression,Oversampling
0.5766871165644172,0.5766871165644172,0.5552987646020674,0.5626183068204571,0.736310396176703,0.3593720764806592,0.06661486625671387,Validation,LogisticRegression,Oversampling
0.558282208588957,0.558282208588957,0.5473539033773619,0.5492781378119465,0.7448237840186994,0.33870025903377204,0.0719304084777832,Validation,LogisticRegression,Oversampling
0.558282208588957,0.558282208588957,0.5559542294693304,0.5552104249097363,0.7061191361253439,0.33953516032433667,0.06298041343688965,Validation,LogisticRegression,Oversampling
0.558282208588957,0.558282208588957,0.5369801398971442,0.5443223902173712,0.7320976699141674,0.33425126240533715,0.06217479705810547,Validation,LogisticRegression,Oversampling
0.5337423312883436,0.5337423312883436,0.5210109590477688,0.5119982464789495,0.6961242440901594,0.3151171169219275,0.05353283882141113,Validation,LogisticRegression,Oversampling
0.5766871165644172,0.5766871165644172,0.5717875595870735,0.5736817182123352,0.7564021686048624,0.36555195236754334,0.07248473167419434,Validation,LogisticRegression,Oversampling
0.6111111111111112,0.6111111111111112,0.6003574702204839,0.5999651315571485,0.7505670241802176,0.41393265810455154,0.0542140007019043,Validation,LogisticRegression,Oversampling
0.5679012345679012,0.5679012345679012,0.561905942744457,0.5540113318767023,0.7221635492387545,0.35822195899966197,0.06866693496704102,Validation,LogisticRegression,Oversampling
0.654320987654321,0.654320987654321,0.6449910939131503,0.646322195695502,0.7950966058154852,0.4825547767817762,0.09084558486938477,Validation,LogisticRegression,Oversampling
0.7506830601092896,0.7506830601092896,0.7493490914214919,0.7443607710291648,0.9093858697740131,0.630808718345706,0.06605243682861328,Train,LogisticRegression,Oversampling
0.7493169398907104,0.7493169398907104,0.7477917647424182,0.7437073935362049,0.9077423556375562,0.6281918718105902,0.06661486625671387,Train,LogisticRegression,Oversampling
0.7540983606557377,0.7540983606557377,0.7523684643455401,0.747688569805568,0.90815111897651,0.6354106038230749,0.0719304084777832,Train,LogisticRegression,Oversampling
0.7547814207650273,0.7547814207650273,0.7530056747120895,0.7478216192802201,0.9090372571035715,0.6370058687657244,0.06298041343688965,Train,LogisticRegression,Oversampling
0.7493169398907104,0.7493169398907104,0.7463560293871206,0.7436494946125837,0.9066342626026769,0.6275390109327355,0.06217479705810547,Train,LogisticRegression,Oversampling
0.7493169398907104,0.7493169398907104,0.7467227551627393,0.742711444193816,0.9083610757254528,0.6280448987278074,0.05353283882141113,Train,LogisticRegression,Oversampling
0.7568306010928961,0.7568306010928961,0.7555171812133749,0.7503788012154523,0.9060498908091855,0.6396520302874313,0.07248473167419434,Train,LogisticRegression,Oversampling
0.7494880546075086,0.7494880546075086,0.7475341486685515,0.7432917345933447,0.9043384876789319,0.628565421670736,0.0542140007019043,Train,LogisticRegression,Oversampling
0.7610921501706485,0.7610921501706485,0.7604919687739724,0.7550131509662491,0.9095241180091586,0.6463026030262148,0.06866693496704102,Train,LogisticRegression,Oversampling
0.7440273037542662,0.7440273037542662,0.7418602753440271,0.7367509474368085,0.9046436782945696,0.6210457520237791,0.09084558486938477,Train,LogisticRegression,Oversampling
